FromNodeId,ToNodeId
0,506
0,983
1,103
1,716
1,720
1,952
1,983
1,1061
1,1084
1,1121
1,1212
2,58
2,92
2,491
3,220
3,368
3,509
3,820
4,267
4,610
4,1024
4,1213
5,71
5,83
5,202
5,313
5,1201
6,202
6,968
6,1214
6,1215
7,250
7,611
7,970
7,1153
7,1216
8,304
8,449
8,458
8,599
8,908
8,996
9,151
10,104
10,443
10,749
10,1217
11,504
11,667
11,1047
11,1064
12,141
12,157
12,168
12,371
12,855
13,241
13,596
13,635
13,1206
14,218
14,968
14,1160
15,25
15,89
15,237
15,397
15,945
16,924
16,939
16,997
17,217
17,1098
17,1134
17,1139
18,1010
19,168
19,371
19,672
19,1222
19,1223
20,112
20,555
20,996
21,92
21,141
21,491
21,711
21,983
22,182
22,503
22,665
22,989
22,1224
22,1225
23,115
23,682
23,704
23,708
23,744
23,1029
23,1163
23,1226
24,847
25,89
25,397
25,945
25,1228
26,473
26,1229
27,672
28,206
28,223
28,395
28,399
28,588
29,605
29,615
29,702
29,1102
29,1170
29,1200
29,1230
29,1231
30,601
30,603
30,751
31,66
31,366
31,885
31,1134
32,327
32,615
32,776
33,109
33,146
33,492
33,645
33,717
33,774
33,866
33,980
33,1015
33,1089
33,1101
33,1161
34,851
34,1094
34,1232
35,430
35,777
35,907
35,1168
35,1233
36,444
36,722
36,881
36,1193
36,1204
37,328
37,791
37,958
37,963
37,971
37,1091
38,1010
39,324
39,587
39,1235
39,1236
40,74
40,619
40,710
41,800
41,1237
42,96
42,170
42,241
42,517
42,635
42,1206
43,209
43,1231
44,205
44,661
44,853
45,125
45,281
45,309
45,375
45,886
45,1044
45,1123
45,1125
45,1146
45,1238
45,1239
46,741
46,1031
46,1181
47,205
47,751
47,853
48,603
48,751
48,1127
48,1134
49,199
49,734
49,1241
50,561
51,382
51,771
51,858
51,928
51,1058
51,1082
51,1190
51,1205
52,144
52,162
52,566
52,882
52,1243
52,1244
52,1245
52,1246
53,603
53,751
53,1134
53,1139
54,266
54,426
54,803
54,1004
55,622
55,751
55,851
55,930
55,1097
56,165
56,424
56,830
56,1247
56,1248
57,58
57,360
57,613
57,1192
57,1250
58,69
58,71
58,83
58,92
58,105
58,141
58,143
58,144
58,151
58,157
58,167
58,202
58,204
58,212
58,294
58,303
58,334
58,360
58,378
58,417
58,459
58,467
58,472
58,479
58,490
58,491
58,497
58,505
58,528
58,530
58,552
58,571
58,591
58,593
58,613
58,626
58,660
58,685
58,711
58,724
58,727
58,737
58,804
58,814
58,832
58,863
58,876
58,880
58,916
58,927
58,943
58,959
58,968
58,979
58,983
58,987
58,995
58,1017
58,1024
58,1043
58,1055
58,1066
58,1078
58,1079
58,1120
58,1158
58,1192
58,1219
58,1250
58,1251
58,1252
58,1253
58,1254
58,1255
58,1256
58,1257
58,1258
58,1259
58,1260
58,1261
58,1262
58,1263
58,1264
59,620
59,995
60,207
60,518
60,908
60,996
61,299
61,371
61,855
61,1223
62,103
62,185
62,619
62,974
63,113
63,304
63,562
63,895
63,1047
63,1140
63,1265
64,75
64,130
64,285
64,402
64,419
64,646
64,794
64,1011
64,1099
64,1111
64,1266
65,611
65,842
65,1182
65,1205
66,412
66,532
66,885
66,1134
66,1139
66,1267
66,1268
67,945
67,1228
68,205
68,289
68,603
68,622
68,675
68,751
68,769
68,853
68,1134
68,1270
69,151
69,202
69,618
70,98
70,766
70,1271
71,83
71,120
71,142
71,202
71,271
71,378
71,427
71,597
71,650
71,688
71,727
71,766
71,775
71,852
71,863
71,998
71,1019
71,1025
71,1081
71,1143
71,1201
71,1251
71,1255
71,1262
71,1271
71,1272
71,1273
71,1274
71,1275
72,560
72,847
73,866
73,1276
74,101
74,172
74,189
74,355
74,619
74,694
74,697
74,710
74,1074
74,1105
74,1110
74,1279
74,1280
74,1281
74,1282
75,121
75,402
75,1090
76,572
76,628
76,649
76,659
76,742
76,763
76,771
76,787
76,788
76,842
76,1166
76,1205
76,1284
76,1285
77,209
77,740
77,798
77,1170
77,1200
77,1231
78,230
78,392
78,704
79,336
79,1151
80,383
80,561
80,585
80,883
80,1286
81,344
81,609
81,1287
82,140
82,151
82,983
83,120
83,177
83,202
83,204
83,303
83,378
83,497
83,506
83,650
83,727
83,775
83,854
83,863
83,968
83,998
83,1025
83,1156
83,1201
83,1253
83,1262
83,1273
83,1275
83,1288
83,1289
83,1290
83,1291
84,266
85,633
85,997
85,1114
85,1283
85,1292
86,202
86,457
86,591
86,968
87,370
88,227
88,364
88,620
88,1010
89,361
89,397
89,527
89,574
89,598
89,612
89,652
89,731
89,817
89,945
89,1083
89,1157
89,1228
90,741
90,948
90,1125
90,1146
91,224
91,292
91,296
91,345
91,374
91,935
92,105
92,141
92,167
92,260
92,472
92,491
92,534
92,571
92,624
92,711
92,716
92,724
92,832
92,857
92,880
92,896
92,983
92,995
92,1055
92,1066
92,1079
92,1158
92,1257
92,1259
92,1264
92,1293
92,1294
93,222
93,611
93,723
94,1160
94,1256
95,217
95,603
95,751
95,1098
95,1134
96,170
96,241
96,453
96,517
96,635
96,693
96,1295
97,338
97,397
97,945
97,1204
98,766
98,852
98,1271
98,1297
99,1010
100,397
100,574
100,612
100,817
101,619
101,710
101,1280
101,1281
102,154
102,1030
102,1298
103,217
103,238
103,317
103,489
103,705
103,716
103,751
103,916
103,952
103,1039
103,1061
103,1084
103,1094
103,1098
103,1121
103,1134
103,1212
103,1299
104,156
104,435
104,441
104,443
104,527
104,749
104,782
104,859
104,955
104,1217
104,1301
105,141
105,166
105,196
105,299
105,624
105,824
105,983
105,1059
105,1063
105,1158
105,1257
106,108
106,763
107,847
108,356
108,406
108,438
108,659
108,735
108,763
108,788
108,842
109,146
109,492
109,717
109,774
109,980
109,1015
109,1089
109,1101
109,1302
110,634
111,173
112,555
112,996
112,1303
113,304
113,751
113,1265
113,1304
114,298
114,305
115,708
115,1029
115,1163
116,171
116,250
116,410
116,973
116,1155
116,1216
117,577
117,611
117,723
117,1010
118,171
118,250
118,545
118,643
118,973
118,1153
118,1188
118,1216
118,1305
119,224
119,292
120,202
120,242
120,313
120,650
120,913
120,998
120,1008
120,1172
120,1201
120,1273
121,247
121,265
121,279
121,285
121,405
121,419
121,484
121,537
121,556
121,646
121,794
121,877
121,912
121,1056
121,1090
121,1266
121,1306
121,1307
121,1308
122,816
123,864
123,962
123,1032
123,1195
124,131
124,463
124,805
124,808
124,898
124,1077
124,1115
124,1202
124,1309
124,1310
125,1044
125,1123
125,1125
125,1146
126,185
126,573
126,751
126,974
126,1098
127,717
127,774
127,1015
127,1101
127,1302
128,780
129,532
129,885
129,1134
129,1139
130,314
130,794
131,741
131,1077
131,1125
131,1202
132,492
132,607
132,658
132,991
132,1122
133,721
133,779
134,174
134,175
134,611
134,634
134,1010
135,958
136,147
136,207
136,518
136,542
136,718
136,996
136,1311
137,350
137,451
137,1131
137,1199
138,684
138,1186
138,1313
139,263
139,461
139,1247
140,523
140,983
140,1314
141,260
141,459
141,505
141,528
141,534
141,578
141,624
141,711
141,896
141,983
141,1066
141,1079
141,1158
141,1257
141,1259
141,1294
141,1315
142,202
142,1138
143,151
143,202
143,477
143,618
143,1073
143,1078
144,542
145,324
145,364
145,620
145,857
145,1010
146,575
146,723
147,207
147,385
147,512
147,518
147,542
147,821
147,996
147,1003
147,1311
147,1317
147,1318
147,1319
148,293
148,1320
149,591
149,1321
150,830
150,1322
151,157
151,212
151,215
151,216
151,239
151,290
151,360
151,367
151,429
151,523
151,613
151,614
151,617
151,660
151,843
151,871
151,888
151,909
151,920
151,927
151,936
151,959
151,968
151,979
151,994
151,1142
151,1192
151,1219
151,1220
151,1250
151,1258
151,1260
151,1263
151,1323
151,1324
151,1325
151,1326
151,1327
152,366
152,603
152,751
152,1134
152,1139
153,253
153,762
153,925
153,1091
154,611
154,634
154,1010
154,1021
155,500
155,1077
155,1125
155,1202
155,1328
156,225
156,749
156,1301
157,584
157,855
157,968
158,594
158,762
158,897
159,994
159,1010
159,1326
160,338
160,881
160,945
160,1023
160,1203
160,1204
161,825
161,1180
161,1329
163,169
163,262
163,550
163,827
163,1159
163,1332
164,174
164,175
164,1021
164,1086
165,424
165,782
165,1248
165,1333
166,467
166,629
166,770
166,968
167,552
167,620
167,685
167,857
167,880
167,896
167,983
167,995
167,1294
168,299
168,371
168,584
168,802
168,855
168,1223
168,1237
169,827
169,897
170,517
170,635
171,246
171,250
171,643
171,1153
171,1188
171,1216
173,1335
174,175
174,480
174,551
174,611
174,634
174,760
174,1010
174,1021
174,1336
174,1337
175,227
175,611
175,634
175,760
175,773
175,1010
175,1021
175,1065
175,1086
175,1339
175,1340
176,639
177,202
177,854
177,1201
177,1289
177,1290
177,1291
177,1341
178,392
179,816
179,994
179,1342
180,1113
181,500
181,670
181,988
181,1200
181,1328
182,503
182,611
182,1086
182,1344
182,1345
183,417
183,517
183,540
183,783
183,1256
184,398
184,945
184,1010
184,1228
185,217
185,573
185,974
185,1098
186,858
186,1346
187,195
187,202
187,297
187,369
187,780
187,1347
187,1348
188,200
188,283
188,677
188,1202
188,1349
189,697
189,751
190,1242
191,389
191,392
191,454
192,300
192,378
192,1019
192,1143
192,1174
193,259
193,712
193,738
193,781
193,825
194,271
194,346
194,409
194,432
194,466
194,1352
195,202
195,369
195,1348
196,936
196,965
196,1059
197,561
197,883
198,235
198,333
198,548
198,549
198,726
198,829
198,919
198,941
198,986
198,1353
199,734
199,1206
200,283
200,1125
200,1202
200,1349
201,340
201,445
201,709
201,830
201,947
202,297
202,365
202,369
202,378
202,439
202,452
202,481
202,497
202,580
202,626
202,641
202,650
202,671
202,676
202,747
202,814
202,846
202,854
202,863
202,909
202,966
202,983
202,998
202,1078
202,1133
202,1201
202,1254
202,1261
202,1262
202,1273
202,1288
202,1289
202,1290
202,1347
202,1354
202,1355
202,1356
203,354
204,968
205,289
205,495
205,533
205,603
205,661
205,751
205,851
205,853
205,950
205,1105
205,1129
205,1134
205,1270
205,1357
206,399
207,304
207,385
207,449
207,458
207,512
207,518
207,542
207,718
207,821
207,908
207,922
207,996
207,1311
207,1316
207,1317
207,1318
207,1319
207,1354
207,1358
207,1359
207,1360
207,1361
207,1362
208,628
208,1363
208,1364
209,422
209,740
209,798
209,1149
209,1170
209,1200
209,1231
210,603
210,648
210,656
210,789
210,1330
210,1331
211,397
211,817
211,945
211,1365
211,1366
212,380
212,613
212,1192
212,1250
213,1167
214,246
214,350
214,377
214,691
214,970
214,1150
214,1188
214,1242
215,613
215,816
215,1192
215,1250
216,936
216,983
217,269
217,287
217,489
217,557
217,573
217,619
217,751
217,849
217,974
217,1009
217,1039
217,1075
217,1098
217,1116
217,1128
217,1130
217,1134
217,1367
217,1368
217,1369
218,857
219,334
219,472
219,854
219,880
219,983
220,820
221,364
221,611
221,977
221,1021
222,364
222,575
222,638
222,723
222,1010
222,1021
223,395
223,399
223,434
223,517
223,1370
224,292
224,296
224,345
224,374
225,1301
226,510
226,516
226,639
227,324
227,364
227,1199
228,282
228,725
229,522
229,554
229,741
229,805
229,1077
229,1202
230,392
230,704
230,1372
231,364
231,611
231,1010
232,347
232,772
232,1206
233,404
233,845
234,310
234,362
234,568
234,722
234,1193
235,333
235,549
235,829
235,941
235,1353
236,717
236,723
236,774
236,980
236,1101
237,766
237,816
237,1374
238,983
238,1134
239,290
239,367
239,617
239,994
239,1042
239,1324
239,1325
239,1375
240,498
240,1376
241,453
241,517
241,635
241,1295
242,313
242,570
242,750
242,1008
242,1172
242,1305
242,1377
243,1195
243,1378
244,350
244,456
244,524
244,539
244,587
244,653
244,903
244,1106
245,924
246,298
246,611
246,970
247,265
247,279
247,405
247,484
247,537
247,556
247,912
247,1056
247,1306
247,1308
247,1379
248,672
248,1222
249,602
249,713
249,867
249,1049
249,1159
249,1380
249,1381
250,390
250,410
250,643
250,902
250,956
250,973
250,1037
250,1141
250,1153
250,1155
250,1188
250,1216
251,521
251,615
251,776
252,1139
252,1256
253,332
253,594
253,673
253,701
253,729
253,753
253,762
253,897
253,925
253,971
253,993
253,1005
253,1022
253,1091
253,1382
254,667
254,689
254,811
254,1047
254,1064
254,1140
255,707
256,991
256,1122
257,266
258,606
258,668
258,1373
259,583
259,712
259,738
259,781
259,825
260,491
260,983
260,1139
261,482
261,780
261,1348
262,991
262,1122
262,1332
263,461
263,682
263,830
263,1029
263,1247
264,772
264,1206
265,537
265,634
265,912
266,426
266,1092
266,1385
266,1386
267,610
268,476
268,1067
268,1139
268,1144
268,1387
269,603
269,751
269,929
269,1098
269,1104
269,1134
269,1388
270,1125
271,346
271,409
271,432
271,466
271,1108
271,1352
272,537
272,794
272,912
273,780
274,611
274,1021
274,1339
275,498
275,1057
275,1376
275,1389
276,408
276,513
276,600
276,908
276,996
276,1390
276,1391
276,1392
277,1047
277,1064
277,1393
278,589
278,837
278,841
278,883
279,537
279,634
279,912
280,430
280,738
280,1328
281,1125
281,1146
282,471
282,611
282,725
282,793
282,806
282,842
282,946
282,1052
282,1100
282,1131
282,1182
282,1205
282,1394
282,1395
283,514
283,1202
284,611
284,761
284,1339
285,402
285,1090
286,564
286,1018
286,1097
287,603
287,1134
287,1139
287,1368
288,546
288,1132
288,1183
289,751
289,1134
290,353
291,1167
291,1396
291,1397
292,345
292,733
292,887
292,1010
292,1374
292,1398
292,1399
293,664
293,752
293,1373
294,1066
294,1079
294,1250
295,831
295,844
295,991
295,1137
295,1332
297,721
297,780
298,305
298,364
298,1014
299,371
299,824
299,979
300,611
300,1010
301,962
302,364
302,1010
302,1199
303,378
303,968
304,335
304,562
304,657
304,811
304,812
304,895
304,914
304,996
304,1047
304,1140
304,1185
304,1265
304,1304
304,1390
304,1392
304,1402
306,364
306,1010
306,1199
307,384
307,442
307,620
307,733
307,1403
308,365
308,816
309,886
309,1077
309,1125
310,444
310,651
310,722
310,881
310,938
310,1193
310,1203
310,1204
310,1404
311,559
311,582
311,937
311,1012
311,1217
311,1405
311,1406
312,1227
313,750
313,913
313,1201
313,1377
314,794
314,1011
314,1111
314,1227
315,411
315,667
315,914
315,1140
316,704
317,983
317,1061
317,1121
318,951
319,580
319,641
319,829
320,397
320,574
320,612
320,817
321,364
321,611
321,935
321,1199
322,1146
323,1058
324,364
324,620
324,730
324,1010
324,1407
325,820
325,1351
326,794
327,615
327,776
327,1408
328,840
328,958
328,971
328,1091
329,664
330,816
330,843
330,968
331,350
331,1021
331,1199
332,762
332,897
332,1022
332,1091
333,420
333,549
333,726
333,728
333,829
333,941
333,986
333,1312
333,1327
333,1353
334,880
334,983
334,996
335,391
335,1047
335,1140
335,1185
337,1000
337,1300
338,397
338,398
338,612
338,817
338,881
338,945
338,1023
338,1203
338,1204
338,1228
339,517
339,596
339,647
339,875
339,905
339,1051
339,1206
340,586
340,868
340,1207
340,1228
341,355
341,697
341,1409
342,667
343,520
343,1410
344,1287
345,935
346,409
346,466
346,1352
346,1412
347,1206
348,433
349,354
349,695
350,539
350,587
350,611
350,621
350,653
350,679
350,691
350,696
350,826
350,970
350,976
350,1106
350,1147
350,1150
350,1211
350,1413
351,516
351,639
352,462
352,631
352,721
352,779
352,1348
353,816
353,994
353,1324
353,1325
353,1342
354,474
354,695
354,807
354,1335
355,415
355,686
357,549
358,745
358,751
358,851
359,388
359,416
359,428
359,445
359,461
359,818
359,830
359,1247
360,613
360,1192
360,1250
361,397
361,598
361,652
361,1228
362,881
362,1148
362,1204
363,416
363,433
364,465
364,586
364,611
364,860
364,935
364,976
364,1010
364,1014
364,1021
364,1068
364,1096
364,1184
364,1197
364,1374
364,1407
364,1416
366,425
366,476
366,603
366,751
366,885
366,1067
366,1070
366,1134
366,1139
366,1268
366,1387
366,1388
366,1417
367,994
367,1042
368,715
368,820
368,841
368,1418
369,721
369,780
369,1347
370,520
370,1333
371,584
371,802
371,855
371,953
371,1223
372,543
372,743
372,784
372,846
372,1154
372,1419
373,1205
373,1211
374,1010
374,1374
375,886
375,1077
375,1202
376,397
376,817
376,945
376,1228
377,615
378,497
378,626
378,727
378,932
378,934
378,968
378,1081
378,1251
378,1252
378,1253
378,1254
378,1255
378,1291
379,1420
380,613
380,736
380,1192
380,1250
381,639
381,879
381,1209
381,1422
382,572
382,858
382,928
382,1058
382,1082
382,1190
382,1205
383,561
383,841
383,883
384,442
384,620
384,733
384,983
384,1078
385,518
385,996
385,1318
385,1362
386,777
386,907
386,1077
386,1328
387,997
388,416
388,445
388,830
388,1247
390,410
390,902
390,956
390,1037
390,1155
390,1216
391,504
391,1047
391,1140
391,1402
392,704
392,1176
392,1210
392,1338
392,1372
392,1425
392,1426
393,692
393,984
393,1077
393,1171
393,1202
394,415
394,751
394,1084
394,1130
395,434
395,558
395,778
395,1269
395,1370
396,523
396,548
396,810
396,1163
397,398
397,574
397,612
397,817
397,945
397,977
397,1083
397,1112
397,1194
397,1204
397,1228
397,1427
397,1428
398,817
398,1194
399,434
399,588
400,596
401,504
401,667
401,689
401,900
401,1047
401,1429
402,419
402,646
402,794
402,1090
402,1266
402,1430
403,968
403,1006
403,1431
404,536
404,589
404,845
405,537
405,912
406,628
406,763
407,980
407,991
407,1122
407,1332
408,513
408,908
408,996
409,466
409,498
409,570
409,1352
409,1376
410,956
410,1037
410,1141
410,1155
410,1216
411,504
411,663
411,667
411,700
411,900
411,1060
411,1187
411,1429
412,532
412,751
412,853
412,985
413,525
413,917
413,1160
413,1432
413,1433
414,833
414,872
414,936
414,992
415,686
415,996
415,1130
416,445
416,830
416,1033
417,540
417,783
417,915
417,1256
418,494
418,847
419,1090
420,549
420,829
420,941
421,611
422,615
422,1170
422,1231
423,1019
423,1143
423,1174
423,1296
424,520
424,639
424,1248
424,1410
424,1428
425,603
425,751
425,1134
426,785
426,1435
427,852
428,445
428,830
428,1247
429,936
429,983
430,738
430,1200
430,1328
431,578
431,983
432,498
432,1376
432,1389
434,588
435,749
435,782
435,830
436,983
437,991
437,1436
438,572
438,763
438,1205
439,1160
440,589
440,837
440,841
440,883
440,1151
441,749
441,782
441,830
442,733
443,749
444,546
444,699
444,1183
444,1193
444,1404
444,1438
444,1439
445,627
445,818
445,830
445,848
445,1247
445,1322
445,1415
446,990
446,1045
446,1440
447,639
447,1053
448,573
448,974
449,542
449,908
449,996
450,522
450,1125
452,595
452,676
452,743
452,747
452,846
452,1133
452,1153
452,1366
453,1295
455,580
455,641
456,524
456,587
456,945
456,1106
457,591
457,968
457,1253
458,513
458,542
458,599
458,908
458,996
458,1316
458,1358
459,491
459,983
460,816
460,983
460,1160
461,682
461,830
461,1029
461,1247
462,721
462,1348
463,514
463,604
463,741
463,1125
463,1146
463,1202
464,683
464,698
464,770
464,968
464,981
464,1213
465,611
465,935
465,1199
466,1352
467,479
467,629
467,683
467,698
467,770
467,920
467,968
467,981
467,1024
467,1026
467,1191
467,1421
468,494
468,1076
469,560
469,1441
470,510
470,1442
471,842
471,1113
472,620
472,983
474,516
474,807
474,1335
475,971
476,603
476,809
476,1067
476,1144
476,1387
476,1423
477,618
477,1078
478,603
478,751
478,1127
478,1134
479,770
479,932
479,968
480,611
480,634
480,1010
480,1021
481,747
481,936
481,941
481,1133
482,631
482,721
482,1444
483,732
483,989
483,1224
484,537
484,634
484,912
485,762
486,1086
487,547
487,1027
487,1034
487,1205
488,559
488,937
488,1012
488,1217
488,1406
489,603
489,751
490,521
490,530
490,737
490,1117
490,1118
490,1371
491,528
491,916
491,983
491,1050
491,1139
492,774
492,861
492,866
492,980
492,1101
492,1161
492,1179
493,554
493,741
493,898
493,1077
493,1125
493,1135
493,1181
494,847
494,1445
495,603
495,751
495,1134
496,1335
498,1108
498,1389
499,603
499,751
499,853
499,1134
500,988
500,1328
501,1010
502,634
502,901
502,1397
503,611
503,989
504,553
504,667
504,689
504,700
504,839
504,900
504,1060
504,1140
504,1187
504,1198
504,1429
504,1446
505,983
506,983
506,1160
507,1333
508,908
508,926
508,931
508,996
508,1036
508,1447
508,1448
509,820
510,639
510,1041
510,1221
510,1420
510,1442
510,1449
511,983
511,1139
512,518
512,996
513,600
513,895
513,908
513,996
513,1316
513,1358
513,1390
513,1391
513,1392
514,1077
514,1125
514,1202
515,634
515,1021
516,529
516,639
516,695
516,982
516,1209
517,596
517,635
517,647
517,801
517,905
517,915
517,964
517,1206
517,1370
518,542
518,718
518,821
518,996
518,1311
518,1318
518,1319
518,1360
519,540
519,783
519,1256
520,654
520,1248
520,1410
521,530
521,737
521,1010
521,1117
521,1118
521,1450
522,554
522,741
522,948
522,1020
522,1077
522,1125
522,1181
522,1451
523,548
523,707
523,810
523,941
523,983
524,587
524,653
524,1106
525,1160
525,1433
526,543
526,1419
527,749
527,1012
527,1217
527,1406
528,983
529,639
529,862
529,879
529,982
529,1145
529,1209
529,1422
530,737
530,1117
531,736
532,751
532,985
532,1267
532,1403
533,751
533,851
533,1039
534,711
534,1066
534,1158
535,1371
536,841
536,845
536,1001
537,556
537,877
537,912
537,1056
537,1307
537,1379
538,830
538,848
538,1342
539,587
539,653
539,1106
539,1413
540,783
540,797
540,899
540,915
540,1016
540,1256
541,639
542,565
542,593
542,601
542,685
542,718
542,821
542,908
542,922
542,996
542,1317
542,1359
542,1360
542,1361
543,766
544,758
544,924
544,939
544,997
544,1114
544,1452
545,970
545,1305
546,1183
547,572
547,1027
547,1034
547,1205
548,810
548,829
549,580
549,641
549,829
549,941
549,1312
550,587
550,1010
551,634
551,1021
552,983
553,667
553,689
553,1047
553,1429
554,632
554,741
554,948
554,1077
554,1125
554,1181
554,1202
555,908
555,996
555,1453
556,912
557,603
557,751
557,1098
557,1134
558,1000
558,1269
559,1012
559,1217
559,1405
559,1406
560,847
560,924
561,585
561,681
561,883
561,1286
561,1454
562,908
562,1047
562,1140
563,620
563,751
563,857
563,985
564,1455
565,1303
567,764
567,924
567,1434
567,1445
568,1249
568,1456
569,1342
570,1412
571,751
571,983
572,628
572,659
572,771
572,806
572,842
572,858
572,928
572,1034
572,1082
572,1190
572,1205
572,1457
573,751
573,974
573,1009
573,1098
573,1134
574,612
574,817
574,945
575,723
575,1010
575,1021
576,1010
577,703
577,816
578,983
579,611
579,669
579,999
580,1261
581,924
581,939
581,997
582,789
582,937
582,1121
582,1212
583,712
583,738
583,781
584,855
585,883
586,1207
586,1228
587,621
587,653
587,976
587,1106
587,1147
587,1211
587,1235
587,1236
587,1345
587,1356
587,1413
587,1458
589,715
589,837
589,841
589,883
589,921
589,1151
589,1277
589,1418
590,1077
591,1321
592,1414
593,857
593,983
594,762
594,1091
595,960
595,1414
596,635
596,875
596,1051
596,1072
596,1206
597,766
597,1156
597,1274
598,817
598,1228
599,680
599,936
599,941
599,1234
600,908
600,996
601,751
601,1084
601,1303
602,867
602,1381
603,656
603,675
603,706
603,751
603,755
603,769
603,789
603,849
603,853
603,929
603,949
603,952
603,1067
603,1075
603,1084
603,1095
603,1104
603,1127
603,1130
603,1134
603,1139
603,1144
603,1303
603,1350
603,1367
603,1368
603,1387
603,1460
603,1461
603,1462
604,808
604,1125
604,1146
605,798
605,1102
605,1170
605,1200
606,668
606,1463
607,658
608,653
608,1106
608,1119
609,1287
609,1428
611,634
611,644
611,665
611,676
611,690
611,760
611,761
611,773
611,793
611,860
611,868
611,869
611,874
611,887
611,901
611,903
611,906
611,911
611,923
611,935
611,999
611,1010
611,1021
611,1035
611,1052
611,1065
611,1068
611,1096
611,1147
611,1150
611,1165
611,1196
611,1199
611,1225
611,1336
611,1339
611,1340
611,1399
611,1450
611,1464
611,1465
612,817
613,994
613,1192
613,1250
614,994
615,748
615,776
615,813
615,892
615,1102
615,1189
615,1200
615,1231
615,1408
616,824
616,965
617,953
617,1160
618,1010
618,1073
618,1078
619,686
619,694
619,697
619,751
619,1074
619,1098
619,1279
619,1369
620,730
620,733
620,857
620,880
620,995
620,1354
620,1403
620,1407
620,1470
620,1471
621,945
621,1106
622,751
622,1097
623,841
623,1151
623,1277
624,983
624,1158
624,1334
625,634
625,901
625,1397
626,968
627,830
628,659
628,788
628,842
628,1205
629,683
629,770
629,968
629,1026
629,1421
630,764
631,1348
631,1444
632,741
632,1077
633,939
633,997
633,1114
633,1292
634,869
634,901
634,1010
634,1021
634,1336
634,1337
634,1339
635,801
635,964
635,1051
635,1072
635,1206
636,923
636,1010
636,1196
636,1197
636,1450
637,924
637,1069
638,759
638,814
638,1466
639,862
639,870
639,879
639,1145
639,1208
639,1209
639,1221
639,1422
639,1449
639,1472
640,805
641,1261
642,1160
642,1417
643,973
643,1073
643,1188
643,1216
644,1010
644,1021
644,1071
644,1415
645,980
645,1161
646,1090
647,1072
647,1206
648,1330
648,1331
649,1205
650,1025
651,722
651,1193
651,1204
652,1228
653,835
653,1106
653,1413
653,1458
653,1473
655,686
655,1105
655,1282
656,789
656,1095
656,1134
656,1303
657,1047
657,1140
659,1205
660,941
661,751
661,853
662,1010
662,1021
663,689
663,839
663,1140
663,1429
664,1373
665,1086
665,1345
666,1125
667,689
667,839
667,914
667,1007
667,1047
667,1187
667,1198
667,1393
667,1446
667,1474
668,1463
670,948
670,1032
670,1195
670,1349
671,747
671,936
671,941
672,1222
673,762
673,1091
674,717
674,774
674,980
674,1015
674,1101
675,751
675,853
676,747
676,1133
677,1202
678,799
678,864
678,962
678,1032
678,1195
679,1010
679,1150
679,1199
680,936
680,994
682,708
682,1163
683,770
683,968
684,1186
684,1330
684,1331
685,908
685,996
686,751
686,1134
687,924
687,939
687,997
687,1114
687,1475
688,766
688,852
689,839
689,914
689,1007
689,1060
689,1140
689,1198
689,1393
689,1429
689,1446
689,1474
690,1065
690,1136
691,970
691,1188
691,1468
692,1103
692,1171
692,1202
694,1074
694,1110
694,1282
694,1476
695,807
695,1335
696,1010
696,1150
696,1199
697,1279
697,1282
697,1409
698,770
698,968
698,1213
699,1439
700,1060
700,1140
700,1429
701,762
701,897
701,1091
701,1114
702,1102
702,1170
703,816
704,966
704,1038
704,1163
704,1176
704,1210
704,1372
704,1426
705,1433
706,751
706,853
706,949
706,1303
707,936
708,1029
708,1163
709,749
710,1279
711,1066
711,1079
711,1259
712,738
712,781
712,825
712,1478
713,773
713,1118
714,872
714,936
714,992
715,820
715,841
715,883
716,990
716,1212
717,774
717,866
717,980
717,1015
717,1089
717,1101
717,1302
718,996
718,1359
719,816
720,751
720,1104
721,779
721,780
721,1347
721,1348
722,881
722,1193
722,1204
723,980
724,983
724,1066
724,1079
726,829
726,941
727,983
728,829
728,941
728,986
728,1327
729,762
729,1091
731,1228
732,989
733,1403
734,1206
735,763
736,835
737,1117
738,781
738,815
738,825
738,1411
738,1479
739,893
739,1125
739,1181
739,1202
740,892
740,1102
740,1231
741,886
741,893
741,1077
741,1125
741,1181
741,1202
741,1238
741,1310
742,842
743,784
744,1163
745,851
745,1054
745,1085
746,855
746,1010
747,846
747,1153
747,1366
748,776
748,1102
748,1200
748,1328
748,1480
749,782
749,859
749,955
749,1217
750,784
750,852
750,913
750,1008
750,1172
750,1201
750,1273
750,1275
750,1377
751,755
751,769
751,809
751,849
751,853
751,885
751,929
751,950
751,985
751,1039
751,1067
751,1075
751,1097
751,1098
751,1104
751,1127
751,1129
751,1130
751,1134
751,1144
751,1152
751,1264
751,1265
751,1267
751,1270
751,1299
751,1303
751,1350
751,1357
751,1367
751,1388
751,1461
752,1320
753,762
753,897
753,1091
753,1114
754,1160
754,1252
755,1039
756,1002
756,1138
757,978
757,1053
758,924
758,939
758,997
758,1114
759,814
759,1030
759,1466
760,1010
760,1021
761,999
761,1225
762,897
762,925
762,993
762,1005
762,1091
762,1114
762,1382
763,788
763,1459
763,1481
763,1482
764,834
764,847
764,889
764,918
764,924
764,1028
764,1069
764,1434
765,826
765,1150
766,852
766,1025
766,1156
766,1177
766,1271
766,1355
766,1419
766,1469
767,845
768,1182
769,1134
770,891
770,920
770,968
770,981
770,1006
770,1024
770,1026
770,1213
770,1431
771,1205
772,1206
773,1021
773,1118
773,1380
774,866
774,980
774,1101
774,1302
775,1253
776,1102
776,1189
776,1200
777,907
777,1200
777,1328
778,1269
779,951
779,1348
779,1444
780,1348
780,1483
781,825
781,1329
781,1478
781,1479
782,955
782,1333
783,797
783,915
783,1016
783,1256
784,1297
784,1467
785,1013
785,1278
786,1328
787,842
787,1166
787,1205
788,1484
789,1134
790,803
791,958
791,971
792,924
792,939
792,997
792,1114
793,1010
793,1150
794,1090
794,1111
794,1430
795,1013
796,1010
796,1199
797,1016
797,1256
798,1102
798,1149
798,1170
798,1200
798,1231
799,1195
800,954
800,1237
801,915
801,1206
802,855
803,1080
803,1485
804,994
804,1160
805,1202
805,1310
806,1182
806,1205
808,1115
808,1202
809,1130
809,1387
810,888
810,941
810,983
811,1047
811,1140
811,1185
812,1047
812,1064
812,1304
813,1102
813,1200
814,1466
815,825
816,819
816,852
816,884
816,891
816,944
816,1093
816,1169
816,1342
817,945
817,977
817,1083
817,1112
817,1194
817,1204
817,1228
818,830
818,1247
819,1342
820,841
820,1351
820,1418
820,1486
821,996
821,1317
821,1360
822,960
822,1205
823,1021
823,1218
823,1374
824,936
824,965
824,1059
824,1063
825,988
825,1180
825,1329
825,1411
825,1477
825,1479
826,1150
827,867
827,897
827,1159
827,1162
828,1386
829,919
829,941
829,986
829,1312
829,1353
830,848
830,947
830,955
830,1191
830,1247
830,1322
830,1344
830,1415
831,844
831,991
831,1137
831,1332
832,880
832,968
832,1066
833,872
833,992
834,847
834,1069
836,1455
837,841
837,883
837,1151
837,1277
838,917
838,1160
838,1433
839,1047
839,1429
840,971
841,845
841,883
841,921
841,933
841,1151
841,1277
841,1286
841,1418
841,1454
842,858
842,1182
842,1205
842,1482
843,983
843,1138
843,1160
843,1487
844,1332
845,1001
846,1153
847,924
847,940
847,1028
847,1069
847,1434
847,1445
848,1342
849,1098
849,1134
850,901
851,930
851,972
851,1054
851,1085
851,1097
851,1232
851,1401
851,1463
852,1177
852,1271
852,1275
852,1297
852,1355
852,1469
853,950
853,985
853,1104
853,1134
853,1357
853,1368
853,1388
853,1461
854,1289
854,1290
854,1291
855,910
855,1223
855,1237
855,1240
855,1488
856,1454
857,876
857,1043
857,1293
857,1403
857,1407
858,928
858,1082
858,1205
858,1346
860,935
860,1199
861,991
861,1332
862,1209
862,1449
863,1355
864,962
864,1032
864,1195
864,1349
865,890
865,1124
866,980
866,1276
867,1159
867,1381
869,1010
869,1021
870,879
870,1209
871,983
871,1160
872,936
872,992
872,1489
873,924
874,1010
874,1199
875,1051
876,1403
877,912
877,1056
878,1051
879,982
879,1145
879,1208
879,1209
879,1221
879,1422
880,995
880,1293
881,945
881,977
881,1148
881,1193
881,1203
881,1204
883,921
883,933
883,1151
883,1277
883,1418
883,1490
884,994
884,1342
885,1070
885,1134
885,1139
885,1268
885,1417
886,1031
886,1077
886,1125
886,1202
886,1239
886,1451
887,1010
888,941
888,983
889,924
890,994
890,1124
891,968
891,1026
892,1102
892,1200
892,1231
893,1181
893,1202
893,1310
894,1019
895,996
895,1047
896,1066
896,1158
897,993
897,1022
897,1091
897,1159
897,1382
898,1077
899,983
899,1120
899,1160
899,1256
900,1060
900,1140
901,1397
902,956
902,1155
902,1216
903,991
903,1122
903,1153
904,991
904,1122
904,1332
905,1072
905,1206
906,1010
906,1199
907,1233
907,1328
908,926
908,931
908,996
908,1036
908,1390
908,1447
908,1453
909,936
909,1174
910,1010
911,1010
912,1056
912,1306
912,1308
912,1379
913,1377
914,1047
914,1198
914,1474
915,964
915,1256
916,983
916,1256
917,983
917,1160
918,1434
918,1445
919,941
919,986
919,1030
920,968
920,1026
921,1151
921,1277
922,996
923,1010
923,1197
924,939
924,969
924,997
924,1028
924,1069
924,1114
924,1292
924,1434
924,1445
924,1452
924,1491
924,1492
924,1493
924,1494
924,1495
925,1091
926,931
926,996
926,1036
927,1250
928,1205
929,1104
929,1134
930,1097
931,996
931,1036
931,1448
932,968
933,1045
934,1253
935,1010
935,1173
935,1184
935,1343
935,1374
935,1400
935,1416
936,965
936,1059
936,1088
936,1138
936,1174
936,1234
936,1298
936,1326
936,1384
936,1433
936,1489
937,983
937,1012
937,1406
938,1010
939,969
939,997
939,1114
939,1292
939,1452
939,1492
939,1494
939,1495
940,1069
940,1434
941,986
941,1030
941,1298
941,1312
941,1327
941,1353
941,1489
942,1374
943,983
943,994
944,1342
945,977
945,1023
945,1083
945,1194
945,1204
945,1228
945,1413
945,1458
946,1010
948,1077
948,1125
948,1195
948,1497
949,1098
949,1134
949,1139
950,1098
951,1444
952,1061
952,1134
953,1250
953,1322
954,1107
956,1155
956,1216
957,1026
958,963
958,971
958,1091
959,994
959,1160
960,1010
961,990
961,1045
961,1046
961,1440
962,1032
962,1164
962,1195
962,1349
962,1378
963,971
963,1091
964,1206
965,1250
966,1210
966,1426
967,1126
967,1456
968,981
968,1006
968,1024
968,1081
968,1213
968,1253
968,1254
968,1421
968,1431
968,1498
969,997
969,1114
970,1188
970,1242
971,1091
971,1499
972,1085
972,1401
973,1153
974,1009
974,1098
975,991
975,1122
976,1010
977,1204
979,983
980,1015
980,1089
980,1101
980,1161
980,1178
981,1213
982,1209
983,1017
983,1045
983,1055
983,1066
983,1079
983,1093
983,1094
983,1120
983,1139
983,1152
983,1158
983,1212
983,1257
983,1258
983,1259
983,1260
983,1261
983,1262
983,1263
983,1264
983,1294
983,1354
983,1403
983,1417
984,1077
985,1267
985,1403
986,1500
987,1256
988,1200
988,1328
990,1045
990,1079
990,1440
991,1122
991,1178
991,1332
992,1160
992,1489
993,1091
993,1114
994,1042
994,1160
994,1169
994,1220
994,1234
994,1250
994,1327
994,1501
995,1293
996,1036
996,1311
996,1316
996,1317
996,1318
996,1319
996,1354
996,1359
996,1360
996,1361
996,1362
996,1390
996,1391
996,1392
996,1453
997,1114
997,1292
997,1452
997,1492
997,1494
997,1495
998,1025
999,1225
999,1339
999,1502
1000,1269
1002,1050
1002,1120
1003,1311
1004,1485
1005,1091
1006,1024
1006,1026
1007,1047
1007,1064
1007,1140
1008,1201
1009,1098
1009,1134
1010,1021
1010,1035
1010,1052
1010,1068
1010,1071
1010,1096
1010,1109
1010,1118
1010,1150
1010,1165
1010,1167
1010,1184
1010,1196
1010,1197
1010,1199
1010,1240
1010,1336
1010,1340
1010,1345
1010,1374
1010,1394
1010,1399
1010,1407
1010,1416
1010,1437
1010,1465
1010,1468
1010,1470
1010,1501
1010,1503
1011,1099
1011,1111
1012,1217
1012,1405
1012,1406
1013,1278
1014,1197
1015,1101
1015,1302
1016,1256
1017,1256
1019,1174
1019,1296
1020,1125
1021,1035
1021,1071
1021,1086
1021,1109
1021,1336
1021,1337
1021,1339
1021,1383
1021,1465
1021,1468
1022,1114
1023,1204
1024,1191
1024,1431
1025,1156
1025,1271
1025,1274
1026,1062
1026,1191
1027,1034
1027,1205
1028,1434
1029,1163
1030,1298
1031,1077
1031,1125
1031,1181
1031,1202
1031,1451
1032,1195
1032,1349
1032,1504
1034,1205
1035,1071
1035,1415
1036,1447
1036,1448
1037,1088
1037,1141
1037,1155
1038,1210
1038,1426
1039,1129
1039,1134
1039,1152
1040,1428
1042,1160
1043,1403
1044,1238
1045,1046
1045,1440
1046,1440
1047,1064
1047,1140
1047,1185
1047,1198
1047,1402
1048,1077
1049,1159
1049,1381
1050,1433
1051,1072
1051,1206
1052,1150
1053,1424
1054,1085
1054,1097
1055,1066
1055,1079
1056,1090
1056,1306
1056,1307
1056,1308
1058,1190
1058,1205
1059,1063
1060,1429
1061,1084
1061,1121
1061,1212
1064,1140
1064,1393
1064,1402
1065,1136
1066,1293
1066,1294
1067,1134
1067,1387
1068,1184
1068,1374
1070,1139
1071,1415
1072,1206
1073,1078
1074,1110
1074,1369
1075,1098
1075,1134
1077,1123
1077,1125
1077,1135
1077,1181
1077,1195
1077,1202
1077,1239
1077,1310
1077,1496
1078,1356
1082,1205
1083,1194
1084,1134
1085,1401
1085,1463
1086,1345
1087,1451
1088,1141
1088,1428
1089,1101
1090,1266
1090,1430
1091,1382
1092,1229
1093,1160
1094,1139
1095,1134
1095,1303
1096,1184
1096,1374
1097,1455
1098,1130
1098,1134
1098,1299
1098,1367
1099,1227
1100,1437
1100,1443
1101,1302
1102,1164
1102,1170
1102,1200
1102,1231
1102,1328
1104,1134
1104,1388
1105,1282
1105,1357
1106,1119
1106,1458
1106,1473
1108,1389
1110,1369
1111,1227
1112,1204
1112,1228
1113,1205
1114,1292
1114,1452
1114,1492
1114,1494
1114,1495
1116,1134
1116,1139
1117,1158
1118,1380
1119,1473
1119,1505
1120,1506
1121,1212
1122,1178
1122,1332
1123,1125
1124,1138
1125,1146
1125,1181
1125,1202
1125,1239
1125,1310
1125,1451
1125,1507
1126,1456
1127,1134
1128,1369
1129,1134
1130,1134
1132,1183
1133,1153
1134,1139
1134,1264
1134,1268
1134,1270
1134,1299
1134,1367
1134,1368
1134,1417
1134,1461
1136,1205
1137,1332
1138,1433
1139,1268
1139,1368
1139,1417
1140,1185
1140,1393
1140,1402
1140,1474
1141,1153
1141,1155
1143,1174
1143,1296
1144,1387
1145,1209
1146,1181
1146,1239
1147,1199
1148,1204
1149,1170
1149,1200
1149,1231
1150,1199
1151,1277
1151,1286
1152,1212
1153,1188
1153,1366
1155,1216
1156,1274
1157,1228
1158,1399
1159,1162
1160,1342
1160,1506
1161,1332
1163,1386
1164,1200
1165,1199
1166,1205
1168,1200
1169,1342
1170,1200
1170,1231
1171,1202
1172,1201
1174,1384
1175,1456
1176,1372
1177,1469
1178,1332
1179,1332
1180,1329
1181,1202
1182,1205
1183,1193
1184,1374
1184,1416
1186,1313
1187,1198
1187,1429
1188,1216
1189,1231
1190,1205
1192,1250
1193,1204
1194,1228
1195,1349
1196,1197
1196,1450
1197,1450
1198,1393
1199,1399
1200,1231
1200,1328
1201,1275
1202,1310
1203,1204
1204,1228
1205,1285
1205,1482
1207,1228
1208,1209
1209,1422
